<?xml version="1.0" encoding="UTF-8"?><MD_Metadata xmlns:gts="http://www.isotc211.org/2005/gts" xmlns:gco="http://www.isotc211.org/2005/gco" xmlns:xalan="http://xml.apache.org/xalan" xmlns:srv="http://www.isotc211.org/2005/srv" xmlns:gmx="http://www.isotc211.org/2005/gmx" xmlns:xlink="http://www.w3.org/1999/xlink" xmlns:xsi="http://www.w3.org/2001/XMLSchema-instance" xmlns:gml="http://www.opengis.net/gml" xmlns="http://www.isotc211.org/2005/gmd">
    <fileIdentifier>
        <gco:CharacterString>7d5759d5f47c457a81cba3218ac0b160</gco:CharacterString>
    </fileIdentifier>
    <characterSet>
        <MD_CharacterSetCode codeList="http://www.isotc211.org/2005/resources/Codelist/gmxCodelists.xml#MD_CharacterSetCode" codeListValue="utf8" codeSpace="ISOTC211/19115">utf8</MD_CharacterSetCode>
    </characterSet>
    <hierarchyLevel>
        <MD_ScopeCode codeList="http://www.isotc211.org/2005/resources/Codelist/gmxCodelists.xml#MD_ScopeCode" codeListValue="dataset" codeSpace="ISOTC211/19115">dataset</MD_ScopeCode>
    </hierarchyLevel>
    <hierarchyLevelName>
        <gco:CharacterString>dataset</gco:CharacterString>
    </hierarchyLevelName>
    <contact>
        <CI_ResponsibleParty>
            <role>
                <CI_RoleCode codeList="http://www.isotc211.org/2005/resources/Codelist/gmxCodelists.xml#CI_RoleCode" codeListValue="pointOfContact" codeSpace="ISOTC211/19115">pointOfContact</CI_RoleCode>
            </role>
        </CI_ResponsibleParty>
    </contact>
    <dateStamp>
        <gco:Date>2019-02-08</gco:Date>
    </dateStamp>
    <metadataStandardName>
        <gco:CharacterString>ISO 19139 Geographic Information - Metadata - Implementation Specification</gco:CharacterString>
    </metadataStandardName>
    <metadataStandardVersion>
        <gco:CharacterString>2007</gco:CharacterString>
    </metadataStandardVersion>
    <identificationInfo>
        <MD_DataIdentification>
            <citation>
                <CI_Citation>
                    <title>
                        <gco:CharacterString>Monument</gco:CharacterString>
                    </title>
                    <date gco:nilReason="missing"/>
                </CI_Citation>
            </citation>
            <abstract>
                <gco:CharacterString>Bridget O’Donoghue Heritage Consultant was appointed by the City of Cape Town to complete a specialist heritage survey of sculptures, memorials and commemorative monuments within the City of Cape Town Metropolitan Area. The resultant report titled &amp;quot;Sculptures, Memorials and Commemerative Monuments&amp;quot; (March 2009) was used to spatialise the data as it contained X and Y coordinates for each record. This data was captured because the Heritage Development and Promotion, Arts and Culture Unit, Social Development Department, City of Cape Town requires a survey of sculptures, memorials and commemorative monuments within the City of Cape Town Metropolitan Area. The data was captured in November 2015.</gco:CharacterString>
            </abstract>
            <purpose>
                <gco:CharacterString>This dataset contains the record of the sculptures, memorials and commemorative monuments on certain city land, including the maintenance and upkeep for individual sculptures, memorials and commemorative monuments.</gco:CharacterString>
            </purpose>
            <credit>
                <gco:CharacterString>Corporate GIS, Information and Knowledge Management Department, City of Cape Town</gco:CharacterString>
            </credit>
            <descriptiveKeywords>
                <MD_Keywords>
                    <keyword>
                        <gco:CharacterString>Monument</gco:CharacterString>
                    </keyword>
                    <keyword>
                        <gco:CharacterString>community services</gco:CharacterString>
                    </keyword>
                    <keyword>
                        <gco:CharacterString>arts and culture</gco:CharacterString>
                    </keyword>
                    <keyword>
                        <gco:CharacterString>Structure</gco:CharacterString>
                    </keyword>
                </MD_Keywords>
            </descriptiveKeywords>
            <descriptiveKeywords>
                <MD_Keywords>
                    <keyword>
                        <gco:CharacterString>Monument</gco:CharacterString>
                    </keyword>
                    <keyword>
                        <gco:CharacterString>community services</gco:CharacterString>
                    </keyword>
                    <keyword>
                        <gco:CharacterString>arts and culture</gco:CharacterString>
                    </keyword>
                    <keyword>
                        <gco:CharacterString>Structure</gco:CharacterString>
                    </keyword>
                </MD_Keywords>
            </descriptiveKeywords>
            <descriptiveKeywords>
                <MD_Keywords>
                    <keyword>
                        <gco:CharacterString>Monument</gco:CharacterString>
                    </keyword>
                    <keyword>
                        <gco:CharacterString>community services</gco:CharacterString>
                    </keyword>
                    <keyword>
                        <gco:CharacterString>arts and culture</gco:CharacterString>
                    </keyword>
                    <keyword>
                        <gco:CharacterString>Structure</gco:CharacterString>
                    </keyword>
                </MD_Keywords>
            </descriptiveKeywords>
            <descriptiveKeywords>
                <MD_Keywords>
                    <keyword>
                        <gco:CharacterString>Monument</gco:CharacterString>
                    </keyword>
                    <keyword>
                        <gco:CharacterString>community services</gco:CharacterString>
                    </keyword>
                    <keyword>
                        <gco:CharacterString>arts and culture</gco:CharacterString>
                    </keyword>
                    <keyword>
                        <gco:CharacterString>Structure</gco:CharacterString>
                    </keyword>
                </MD_Keywords>
            </descriptiveKeywords>
            <resourceConstraints>
                <MD_Constraints>
                    <useLimitation>
                        <gco:CharacterString>

Whilst every effort is made to ensure the accuracy of information, the Information and Knowledge Management Department
and the City of Cape Town make no warranties as to the correctness of the
information supplied.

The information provided on the website is provided by the respective custodian
departments, are of general nature only and does not constitute professional
advice. Persons relying on this information do so entirely at their own risk.

The City of Cape Town will not be liable for any claims whatsoever, whether for
damages or otherwise, directly or indirectly, attributable to the use of and/or
reliance on information or links provided on this website.

Access and use of this website constitutes acceptance of these terms and
conditions of use and is furthermore subject to the City of Cape Town’s
Disclaimer Notice/s.

</gco:CharacterString>
                    </useLimitation>
                </MD_Constraints>
            </resourceConstraints>
            <language gco:nilReason="missing"/>
            <characterSet>
                <MD_CharacterSetCode codeList="http://www.isotc211.org/2005/resources/Codelist/gmxCodelists.xml#MD_CharacterSetCode" codeListValue="utf8" codeSpace="ISOTC211/19115">utf8</MD_CharacterSetCode>
            </characterSet>
        </MD_DataIdentification>
    </identificationInfo>
    <distributionInfo>
        <MD_Distribution>
            <transferOptions>
                <MD_DigitalTransferOptions>
                    <onLine>
                        <CI_OnlineResource>
                            <linkage>
                                <URL>https://citymaps.capetown.gov.za/agsext1/rest/services/Theme_Based/Open_Data_Service/MapServer/17</URL>
                            </linkage>
                        </CI_OnlineResource>
                    </onLine>
                </MD_DigitalTransferOptions>
            </transferOptions>
        </MD_Distribution>
    </distributionInfo>
</MD_Metadata>
